<?xml version="1.0" encoding="UTF-8" standalone="yes"?>
<students xmlns:xsi="http://www.w3.org/2001/XMLSchema-instance">
	<student>
		<name>Fred Flintstone</name>
		<level>1</level>
	</student>
	<student>
		<name>Barney Rubbel</name>
		<level>2</level>
	</student>
	<student>
		<name>Bugs Bunny</name>
		<level>1</level>
	</student>
	<student>
		<name>Homer Simpson</name>
		<level>1</level>
	</student>
	<student>
		<name>Elmer Fudd</name>
		<level>2</level>
	</student>
	<student>
		<name>Yosemite Sam</name>
		<level>1</level>
	</student>
	<student>
		<name>Porky Pig</name>
		<level>1</level>
	</student>
	<student>
		<name>Wile E. Coyote</name>
		<level>1</level>
	</student>
</students>